fc1_param_0,fc1_param_1,fc1_param_2,fc1_param_3,fc1_param_4,fc1_param_5,fc1_param_6,fc1_param_7,fc1_param_8,fc1_param_9,fc1_param_10,fc1_param_11,fc1_param_12,fc1_param_13,fc1_param_14,fc1_param_15
0.12651992,0.3590936,-0.43098515,-0.69997096,-0.27319816,-0.54236704,0.5802086,0.20366889,0.29289317,0.22363043,-0.012300789,0.5533876,-0.502409,0.044522047,-0.48262876,0.21803778
