fc2_param_0,fc2_param_1,fc2_param_2,fc2_param_3,fc2_param_4,fc2_param_5,fc2_param_6,fc2_param_7
0.11782205,0.340207,-0.29177922,-0.35068116,-0.27660736,-0.2378315,0.14320332,0.12659892
